City_ID,City,Lat,Lng,Max Temp,Humidity,Cloudiness,Wind Speed,Country,Date
0,loreto,22.2667,-101.9667,70.72,47,96,6.91,MX,1689867454
1,tari,12.4086,4.4914,96.87,37,32,6.8,NG,1689867454
2,edinburgh of the seven seas,-37.0676,-12.3116,53.29,64,34,24.9,SH,1689867454
3,qaqortoq,60.7167,-46.0333,47.53,87,100,7.9,GL,1689867347
4,waslala,13.2333,-85.3833,83.61,68,37,8.01,NI,1689867454
5,bodden town,19.2833,-81.25,84.2,83,75,19.57,KY,1689867387
6,yemetsk,63.4721,41.7941,68.31,87,80,6.67,RU,1689867454
7,blackmans bay,-43.0167,147.3167,43.52,85,75,5.75,AU,1689867455
8,bredasdorp,-34.5322,20.0403,50.99,66,10,12.57,ZA,1689867455
9,ushuaia,-54.8,-68.3,31.66,93,100,4.61,AR,1689867455
10,grytviken,-54.2811,-36.5092,23.99,84,100,3.04,GS,1689867455
11,college,64.8569,-147.8028,62.58,94,100,4.61,US,1689867455
12,ilulissat,69.2167,-51.1,48.22,87,75,9.22,GL,1689867455
13,nemuro,43.3236,145.575,57.04,92,31,5.28,JP,1689867455
14,longyearbyen,78.2186,15.6401,55.24,54,20,18.41,SJ,1689867455
15,taganrog,47.2362,38.8969,77.43,47,95,4.56,RU,1689867281
16,ust-nera,64.5667,143.2,66.34,53,57,5.86,RU,1689867450
17,dudinka,69.4058,86.1778,65.62,94,89,11.59,RU,1689867377
18,waitangi,-43.9535,-176.5597,43.83,92,100,1.99,NZ,1689867456
19,maputo,-25.9653,32.5892,60.48,72,100,17.27,MZ,1689867456
20,margaret river,-33.95,115.0667,58.44,74,65,19.15,AU,1689867431
21,kirensk,57.7853,108.1119,58.03,81,27,0.31,RU,1689867456
22,bethel,41.3712,-73.414,84.22,61,0,4.61,US,1689867255
23,lazaro cardenas,17.9583,-102.2,83.88,74,99,4.0,MX,1689867456
24,saldanha,-33.0117,17.9442,60.85,62,0,12.8,ZA,1689867456
25,saint john,45.2727,-66.0677,78.03,65,40,4.61,CA,1689867422
26,port-aux-francais,-49.35,70.2167,35.02,64,52,42.41,TF,1689867259
27,kesap,40.9164,38.5144,78.62,73,7,3.42,TR,1689867457
28,puerto natales,-51.7236,-72.4875,35.1,99,100,2.91,CL,1689867351
29,oranjemund,-28.55,16.4333,63.57,38,0,12.71,NA,1689867457
30,montepuez,-13.1256,38.9997,76.17,44,60,7.49,MZ,1689867457
31,ketchikan,55.3422,-131.6461,61.27,88,75,8.05,US,1689867457
32,albany,42.6001,-73.9662,80.94,60,1,3.0,US,1689867296
33,agat village,13.3886,144.6585,83.34,83,20,5.75,GU,1689867458
34,bilibino,68.0546,166.4372,55.09,78,95,1.52,RU,1689867458
35,haiku-pauwela,20.9219,-156.3051,76.05,91,20,14.97,US,1689867406
36,kodiak,57.79,-152.4072,51.31,100,100,0.0,US,1689867459
37,horta,38.5333,-28.6333,73.02,91,20,5.75,PT,1689867459
38,ribeira grande,38.5167,-28.7,73.78,88,20,5.75,PT,1689867256
39,saipan,15.1355,145.701,83.1,100,20,8.05,MP,1689867459
40,utrik,11.2278,169.8474,82.89,78,100,16.78,MH,1689867459
41,orland,39.7474,-122.1964,89.44,39,0,5.1,US,1689867459
42,minas de marcona,-15.2119,-75.1103,63.97,60,34,8.03,PE,1689867459
43,bodo,67.28,14.405,62.94,76,40,5.75,NO,1689867297
44,jamestown,42.097,-79.2353,81.01,55,0,8.05,US,1689867262
45,tura,25.5198,90.2201,77.54,93,99,4.43,IN,1689867460
46,namtsy,62.7161,129.6658,54.23,97,100,3.91,RU,1689867460
47,saint-christol-les-ales,44.0833,4.0833,94.51,17,0,9.71,FR,1689867460
48,shushtar,32.0455,48.8567,108.1,5,0,3.27,IR,1689867460
49,badger,64.8,-147.5333,62.51,94,100,4.61,US,1689867368
50,iqaluit,63.7506,-68.5145,38.93,100,100,5.75,CA,1689867344
51,the pas,53.8251,-101.2541,71.62,60,0,4.61,CA,1689867460
52,paphos,34.7667,32.4167,85.78,74,0,12.66,CY,1689867460
53,nova sintra,14.8667,-24.7167,74.39,78,93,9.69,CV,1689867257
54,adamstown,-25.066,-130.1015,72.93,81,100,33.51,PN,1689867461
55,crescent city,41.756,-124.2018,59.49,95,100,0.0,US,1689867461
56,tingi,-11.3,35.0333,63.5,56,4,4.18,TZ,1689867461
57,vadso,70.0744,29.7487,49.08,93,75,21.85,NO,1689867461
58,velingrad,42.0272,23.9957,85.89,46,55,3.31,BG,1689867461
59,al muwayh,22.4333,41.7583,98.01,9,42,9.86,SA,1689867461
60,gargalianoi,37.0667,21.6333,95.36,51,0,5.21,GR,1689867461
61,anadyr,64.75,177.4833,52.3,87,75,8.95,RU,1689867462
62,kingston,17.997,-76.7936,90.25,63,40,19.57,JM,1689867462
63,chonchi,-42.6128,-73.8092,54.12,87,97,10.63,CL,1689867196
64,hermanus,-34.4187,19.2345,55.8,65,3,17.49,ZA,1689867462
65,dingcheng,32.1272,115.0394,78.08,92,68,3.58,CN,1689867462
66,kauhava,63.103,23.0713,65.07,55,98,6.06,FI,1689867462
67,yellowknife,62.456,-114.3525,72.12,56,100,2.3,CA,1689867183
68,quatre cocos,-20.2078,57.7625,73.09,71,28,9.91,MU,1689867462
69,biel/bienne,47.1324,7.2441,84.72,42,46,5.75,CH,1689867463
70,papatowai,-46.5619,169.4708,42.12,70,6,16.91,NZ,1689867258
71,tiznit,29.5833,-9.5,88.47,35,0,8.66,MA,1689867463
72,klyuchi,52.2667,79.1667,72.1,55,84,7.94,RU,1689867463
73,aripuana,-9.1667,-60.6333,94.5,25,32,4.16,BR,1689867463
74,chunskiy,56.0815,99.6342,59.85,65,0,2.98,RU,1689867463
75,talnakh,69.4865,88.3972,65.21,88,95,8.72,RU,1689867463
76,nanao,37.05,136.9667,76.3,94,45,4.07,JP,1689867463
77,zarichne,51.8126,26.129,64.58,73,73,7.52,UA,1689867463
78,bhamo,24.2667,97.2333,77.4,97,100,1.3,MM,1689867464
79,tiksi,71.6872,128.8694,42.85,64,70,6.2,RU,1689867464
80,volodarskiy,46.4013,48.5409,87.75,30,9,6.31,RU,1689867464
81,auki,-8.7676,160.7034,77.7,91,98,3.49,SB,1689867464
82,west island,-12.1568,96.8225,78.78,73,40,14.97,CC,1689867255
83,nicoya,10.1483,-85.452,86.34,67,47,9.06,CR,1689867464
84,puerto san jose,13.9256,-90.8244,86.38,61,12,3.13,GT,1689867464
85,labrador city,52.9463,-66.9114,58.91,72,100,5.75,CA,1689867388
86,wailua homesteads,22.0669,-159.378,77.79,89,20,19.57,US,1689867464
87,malabar,-33.9667,151.25,53.78,47,0,3.44,AU,1689867397
88,nahiyat al fuhud,30.9697,46.7228,108.77,5,0,11.16,IQ,1689867465
89,mascota,20.5167,-104.7833,73.31,57,88,1.21,MX,1689867465
90,hawaiian paradise park,19.5933,-154.9731,73.04,98,100,0.0,US,1689867465
91,bac lieu,9.285,105.7244,76.69,87,97,11.83,VN,1689867465
92,afaahiti,-17.75,-149.2833,73.27,66,55,18.14,PF,1689867465
93,puerto ayora,-0.7393,-90.3518,82.36,93,72,5.01,EC,1689867465
94,tofol,5.3248,163.0078,82.74,78,100,16.58,FM,1689867465
95,usogorsk,63.4106,48.6872,63.91,96,93,8.3,RU,1689867465
96,alesund,62.4723,6.1549,61.09,79,75,8.05,NO,1689867227
97,vila velha,-20.3297,-40.2925,75.15,84,75,16.11,BR,1689867465
98,gebeit,21.0667,36.3167,96.58,17,9,19.15,SD,1689867466
99,georgetown,5.4112,100.3354,84.15,81,20,4.61,MY,1689867420
100,kapuskasing,49.4169,-82.4331,60.8,94,100,4.61,CA,1689867404
101,ayorou,14.7308,0.9174,102.76,27,24,12.12,NE,1689867466
102,san antonio de pale,-1.4014,5.6325,74.89,78,26,11.52,GQ,1689867466
103,weno,7.4515,151.8468,82.35,89,100,4.61,FM,1689867264
104,el granada,37.5027,-122.4694,69.8,89,100,3.44,US,1689867466
105,bonthe,7.5264,-12.505,81.66,77,98,11.27,SL,1689867466
106,petropavlovsk-kamchatsky,53.0452,158.6483,52.39,100,100,6.71,RU,1689867466
107,puerto baquerizo moreno,-0.9,-89.6,77.99,89,20,12.66,EC,1689867466
108,sao joao da barra,-21.6403,-41.0511,68.09,71,100,15.99,BR,1689867246
109,thompson,55.7435,-97.8558,68.16,73,40,4.61,CA,1689867467
110,tazovsky,67.4667,78.7,63.68,83,76,3.89,RU,1689867397
111,uturoa,-16.7333,-151.4333,75.99,64,28,18.32,PF,1689867467
112,lihue,21.9789,-159.3672,78.39,85,20,19.57,US,1689867467
113,priob'ye,62.5206,65.5964,70.95,67,35,7.07,RU,1689867467
114,port elizabeth,-33.918,25.5701,55.69,54,75,6.91,ZA,1689867467
115,sola,-13.8833,167.55,75.87,100,100,4.61,VU,1689867467
116,arkhara,49.4212,130.0842,66.87,94,67,5.66,RU,1689867466
117,sao miguel do iguacu,-25.3481,-54.2378,67.08,55,96,7.78,BR,1689867468
118,smithers,54.7804,-127.1743,59.32,77,0,4.61,CA,1689867210
119,hamilton,39.1834,-84.5333,83.43,78,100,4.61,US,1689867176
120,pontianak,-0.0333,109.3333,78.78,88,20,2.3,ID,1689867468
121,moroto,2.5345,34.6666,75.6,48,88,6.85,UG,1689867468
122,teyateyaneng,-29.1472,27.7489,44.73,65,55,10.45,LS,1689867468
123,masterton,-40.9597,175.6575,49.89,90,100,11.68,NZ,1689867468
124,demidov,55.2706,31.515,63.21,64,89,2.93,RU,1689867468
125,el calafate,-50.3408,-72.2768,37.99,94,100,1.54,AR,1689867468
126,asosa,10.0667,34.5333,63.97,95,99,1.86,ET,1689867469
127,floro,61.5996,5.0328,55.47,88,75,5.75,NO,1689867469
128,atafu village,-8.5421,-172.5159,82.35,79,45,9.57,TK,1689867469
129,amalfi,6.9102,-75.0776,80.55,37,8,6.8,CO,1689867469
130,qamdo,31.1667,97.2333,43.21,69,81,3.38,CN,1689867469
131,ugoofaaru,5.6667,73.0,83.19,79,100,15.99,MV,1689867419
132,arkhangel'sk,64.5401,40.5433,71.46,71,76,7.25,RU,1689867469
133,vila franca do campo,37.7167,-25.4333,72.01,65,100,2.17,PT,1689867469
134,chilliwack,49.1747,-121.9443,80.17,63,0,1.14,CA,1689867469
135,whangarei,-35.7317,174.3239,50.02,97,56,1.7,NZ,1689867441
136,whitehorse,60.7161,-135.0538,57.09,61,75,3.0,CA,1689867209
137,nar'yan-mar,67.6713,53.087,60.94,82,100,16.67,RU,1689867470
138,lorengau,-2.0226,147.2712,80.67,81,11,8.3,PG,1689867470
139,avarua,-21.2078,-159.775,68.05,64,75,2.3,CK,1689867470
140,kayangel,8.0823,134.7173,83.57,79,100,21.63,PW,1689867470
141,rawson,-43.3002,-65.1023,60.26,54,54,22.1,AR,1689867470
142,stanley,54.868,-1.6985,63.79,81,98,5.93,GB,1689867274
143,merizo village,13.2658,144.6691,82.96,88,100,6.91,GU,1689867470
144,natal,-5.795,-35.2094,84.85,54,40,23.02,BR,1689867227
145,aasiaat,68.7098,-52.8699,38.28,99,100,9.24,GL,1689867471
146,barra da estiva,-13.6261,-41.3269,69.17,54,99,15.37,BR,1689867471
147,hultsfred,57.4882,15.8436,62.13,63,80,8.99,SE,1689867471
148,guerrero negro,27.9769,-114.0611,72.43,69,96,11.21,MX,1689867471
149,luganville,-15.5333,167.1667,75.45,86,99,10.47,VU,1689867471
150,freetown,8.484,-13.2299,83.91,79,40,10.36,SL,1689867471
151,katsuura,35.1333,140.3,74.07,91,4,10.09,JP,1689867471
152,lebu,-37.6167,-73.65,55.08,94,100,24.96,CL,1689867471
153,invercargill,-46.4,168.35,38.28,84,5,9.64,NZ,1689867258
154,fortuna,40.5982,-124.1573,57.65,98,100,6.91,US,1689867472
155,motueka,-41.1333,173.0167,45.88,85,100,8.21,NZ,1689867472
156,dongcun,36.7767,121.1597,72.86,88,14,4.59,CN,1689867472
157,isafjordur,66.0755,-23.124,48.24,87,20,9.22,IS,1689867472
158,brooks,50.5834,-111.8851,69.78,52,75,2.3,CA,1689867472
159,jackson,42.4165,-122.8345,73.0,61,0,1.01,US,1689867472
160,behshahr,36.6923,53.5526,82.35,64,41,4.25,IR,1689867472
161,port mathurin,-19.6833,63.4167,74.14,68,9,19.84,MU,1689867472
162,nikolayevsk-on-amure,53.1406,140.73,61.29,99,57,3.94,RU,1689867473
163,praia da vitoria,38.7333,-27.0667,75.45,78,40,5.88,PT,1689867473
164,yuzhno-kurilsk,44.0306,145.8556,54.9,94,4,5.21,RU,1689867473
165,santana,-0.0583,-51.1817,87.98,70,40,8.05,BR,1689867473
166,hexham,54.9699,-2.104,65.21,68,97,12.33,GB,1689867473
167,fuling,29.7022,107.3919,77.79,94,100,2.44,CN,1689867473
168,sao jose da coroa grande,-8.8978,-35.1478,78.91,70,49,16.96,BR,1689867451
169,olonkinbyen,70.9221,-8.7187,42.15,85,100,2.15,SJ,1689867473
170,cerritos,33.8583,-118.0648,88.72,75,20,3.44,US,1689867317
171,enewetak,11.3474,162.3373,83.37,80,43,15.41,MH,1689867474
172,yokadouma,3.5167,15.05,76.95,77,99,3.94,CM,1689867474
173,la passe,45.5549,-0.8967,80.83,57,92,13.4,FR,1689867407
174,necochea,-38.5473,-58.7368,53.42,60,98,17.13,AR,1689867474
175,tolanaro,-25.0319,46.9987,71.67,88,20,2.3,MG,1689867474
176,hilo,19.7297,-155.09,73.26,99,100,5.01,US,1689867474
177,kristiansund,63.1115,7.732,59.65,58,40,10.36,NO,1689867474
178,polva,58.0603,27.0694,66.02,48,100,9.06,EE,1689867474
179,hays,30.0502,-98.0336,90.27,62,11,5.99,US,1689867229
180,el porvenir,13.7617,-87.3458,81.73,44,23,6.87,HN,1689867475
181,udachny,66.4167,112.4,60.66,62,100,3.69,RU,1689867475
182,skelleftea,64.7507,20.9528,64.0,95,75,6.91,SE,1689867475
183,selfoss,63.9331,-20.9971,66.04,69,96,10.42,IS,1689867475
184,six-fours-les-plages,43.0938,5.84,92.71,67,0,11.99,FR,1689867475
185,valparaiso,-33.0393,-71.6273,60.01,90,100,3.44,CL,1689867371
186,alice springs,-23.7,133.8833,49.55,66,16,4.61,AU,1689867475
187,valley city,46.9233,-98.0032,68.52,77,0,11.5,US,1689867302
188,strathmore,51.0501,-113.3852,70.36,57,70,6.91,CA,1689867475
189,kerikeri,-35.2268,173.9474,46.9,94,6,1.9,NZ,1689867256
190,eyl,7.9803,49.8164,77.97,77,65,26.75,SO,1689867476
191,sandnessjoen,66.0217,12.6316,61.32,82,75,6.91,NO,1689867476
192,valdivia,-39.8142,-73.2459,55.49,97,100,11.45,CL,1689867335
193,inhambane,-23.865,35.3833,66.18,94,75,13.8,MZ,1689867392
194,nuuk,64.1835,-51.7216,48.81,100,75,2.3,GL,1689867476
195,northam,51.0333,-4.2167,65.39,67,20,12.39,GB,1689867476
196,xai-xai,-25.0519,33.6442,65.23,73,100,19.24,MZ,1689867476
197,vilyuchinsk,52.9306,158.4028,53.87,95,96,1.52,RU,1689867476
198,kerema,-7.9631,145.7785,75.54,90,76,5.17,PG,1689867435
199,kualakapuas,-3.0091,114.3876,73.2,97,24,1.54,ID,1689867477
200,tangalle,6.024,80.7911,82.56,86,92,9.95,LK,1689867477
201,diapaga,12.0708,1.7889,96.17,36,3,7.25,BF,1689867477
202,gainesville,29.6516,-82.3248,91.81,68,40,4.61,US,1689867303
203,aitape,-3.1374,142.3475,77.34,87,25,4.76,PG,1689867477
204,suez,29.9737,32.5263,99.75,16,0,9.64,EG,1689867477
205,cidreira,-30.1811,-50.2056,61.59,82,100,17.85,BR,1689867477
206,hasaki,35.7333,140.8333,77.31,90,0,10.69,JP,1689867478
207,gaurnadi,22.9667,90.2333,82.58,86,99,10.65,BD,1689867478
208,chu,43.5983,73.7614,85.15,23,2,9.64,KZ,1689867478
209,punta arenas,-53.15,-70.9167,36.1,67,97,14.81,CL,1689867471
210,naze,28.3667,129.4833,77.92,83,95,4.23,JP,1689867478
211,st. john's,47.5649,-52.7093,84.27,76,75,18.41,CA,1689867478
212,tijucas,-27.2414,-48.6336,64.42,93,100,5.88,BR,1689867478
213,rupert,42.6191,-113.6772,71.55,56,0,5.75,US,1689867205
214,laguna,38.421,-121.4238,85.08,71,0,0.0,US,1689867479
215,rongelap,11.1635,166.8941,83.8,78,100,16.51,MH,1689867479
216,newman,37.3138,-121.0208,75.54,24,0,5.55,US,1689867360
217,island harbour,50.724,-1.2758,72.18,63,80,14.03,GB,1689867479
218,aswan,24.0934,32.907,110.5,12,0,13.8,EG,1689867479
219,port lincoln,-34.7333,135.8667,53.22,62,71,7.23,AU,1689867479
220,touros,-5.1989,-35.4608,83.16,58,18,19.75,BR,1689867253
221,takoradi,4.8845,-1.7554,80.17,78,41,11.79,GH,1689867479
222,vilyuysk,63.7553,121.6247,57.97,86,20,2.89,RU,1689867479
223,porto novo,6.4965,2.6036,84.02,71,78,13.15,BJ,1689867481
224,coquimbo,-29.9533,-71.3436,56.93,88,75,5.75,CL,1689867481
225,mora,11.0461,14.1401,91.78,41,64,2.37,CM,1689867481
226,sao paulo de olivenca,-3.3783,-68.8725,85.66,68,48,2.55,BR,1689867481
227,ta`u,-14.2336,-169.5144,79.21,79,100,22.3,AS,1689867481
228,mar del plata,-38.0023,-57.5575,56.95,73,0,18.01,AR,1689867419
229,iskateley,67.6803,53.1512,61.03,82,100,16.53,RU,1689867482
230,ngaruawahia,-37.6674,175.1555,56.19,76,100,24.0,NZ,1689867482
231,sarioglan,39.0769,35.9667,80.42,27,0,8.5,TR,1689867482
232,gizo,-8.103,156.8419,80.38,85,97,18.57,SB,1689867484
233,vodnyy,63.5046,53.4095,64.83,93,98,5.17,RU,1689867484
234,klobuck,50.9008,18.9367,72.25,69,100,7.43,PL,1689867378
235,severo-yeniseyskiy,60.3725,93.0408,60.19,54,14,4.21,RU,1689867486
236,saint-philippe,-21.3585,55.7679,74.79,89,51,8.14,RE,1689867420
237,ad dilam,23.9915,47.1627,113.41,7,58,4.61,SA,1689867379
238,waingapu,-9.6567,120.2641,71.76,78,0,5.77,ID,1689867487
239,ardatov,55.2421,43.097,63.39,64,99,11.32,RU,1689867487
240,louhans,46.6667,5.1667,84.76,43,69,1.99,FR,1689867487
241,pemagatshel,27.038,91.4031,71.17,97,100,2.48,BT,1689867487
242,karakecili,39.5942,33.3778,87.67,20,0,5.77,TR,1689867487
243,konarka,19.9,86.1167,82.8,86,100,6.93,IN,1689867464
244,cabo san lucas,22.8909,-109.9124,94.6,51,40,4.61,MX,1689867368
245,remire-montjoly,4.9167,-52.2667,89.64,62,75,10.36,GF,1689867488
246,acarau,-2.8856,-40.12,87.94,47,0,17.29,BR,1689867488
247,bhinmal,25.0,72.25,92.86,59,76,4.61,IN,1689867488
248,kapa'a,22.0752,-159.319,79.12,86,20,19.57,US,1689867489
249,sao miguel,-5.4667,-35.3667,84.97,61,28,23.24,BR,1689867489
250,sarmiento,-45.5882,-69.07,40.62,93,100,3.24,AR,1689867489
251,nakamura,32.9833,132.9333,75.69,97,100,2.51,JP,1689867489
252,al hoceima,35.2433,-3.9309,88.83,45,3,12.66,MA,1689867489
253,trinidad,-14.8333,-64.9,76.98,50,0,0.0,BO,1689867490
254,easton,40.6884,-75.2207,84.67,63,20,4.61,US,1689867439
255,carnarvon,-24.8667,113.6333,59.43,42,0,20.58,AU,1689867417
256,erenhot,43.6475,111.9767,79.38,40,97,11.88,CN,1689867490
257,lompoc,34.6391,-120.4579,59.14,100,100,5.75,US,1689867394
258,egilsstadir,65.2653,-14.3948,51.71,71,0,16.11,IS,1689867490
259,rio branco,-9.9747,-67.81,79.41,61,0,6.91,BR,1689867490
260,port isabel,26.0734,-97.2086,92.07,67,20,16.11,US,1689867491
261,wagar,16.1525,36.2032,100.92,25,94,4.45,SD,1689867491
262,rio grande,-32.035,-52.0986,62.94,83,90,15.86,BR,1689867491
263,coruripe,-10.1256,-36.1756,77.95,71,14,15.84,BR,1689867491
264,azare,11.6765,10.1948,98.69,27,73,4.23,NG,1689867491
265,isangel,-19.55,169.2667,71.08,78,66,13.22,VU,1689867492
266,florence,43.7667,11.25,96.8,47,0,11.5,IT,1689867229
267,harnai,30.1005,67.9374,88.9,53,87,3.2,PK,1689867492
268,machagai,-26.9261,-60.0496,75.07,39,60,8.52,AR,1689867492
269,mochudi,-24.4167,26.15,70.39,35,39,12.64,BW,1689867492
270,capao da canoa,-29.7456,-50.0097,62.69,78,100,13.62,BR,1689867493
271,kiunga,-6.1219,141.2906,73.51,90,100,4.03,PG,1689867493
272,priargunsk,50.3691,119.1012,61.18,61,49,3.09,RU,1689867493
273,flying fish cove,-10.4217,105.6791,74.88,78,75,12.66,CX,1689867493
274,aurad,18.25,77.4333,72.54,91,100,19.13,IN,1689867493
275,malpe,13.35,74.7167,81.7,86,100,15.86,IN,1689867493
276,krasnyy yar,46.5331,48.3456,87.73,29,8,6.2,RU,1689867494
277,kiruna,67.8557,20.2251,52.72,82,75,10.36,SE,1689867494
278,farmville,37.3021,-78.3919,87.6,57,0,0.0,US,1689867494
279,fort bragg,35.139,-79.006,90.91,62,0,5.99,US,1689867494
280,maceio,-9.6658,-35.7353,80.04,73,75,12.66,BR,1689867423
281,xining,36.6167,101.7667,51.53,81,43,2.84,CN,1689867494
282,sabang,5.8933,95.3214,84.22,74,52,24.11,ID,1689867456
283,tabuk,17.4189,121.4443,75.58,91,76,2.04,PH,1689867495
284,witu,-2.3889,40.4382,78.96,81,54,13.71,KE,1689867495
285,gaoual,11.75,-13.2,83.95,70,100,2.46,GN,1689867495
286,paita,-5.0892,-81.1144,76.01,70,1,11.01,PE,1689867495
287,akureyri,65.6835,-18.0878,51.73,82,20,12.66,IS,1689867495
288,porbandar,21.6422,69.6093,81.81,86,100,14.45,IN,1689867496
289,sile,41.1754,29.6133,90.27,60,0,4.0,TR,1689867496
290,ciudad bolivar,8.1222,-63.5497,86.72,62,82,6.93,VE,1689867496
291,yatou,37.15,122.3833,71.74,79,63,5.12,CN,1689867496
292,kurumkan,54.3,110.3,60.71,63,1,4.18,RU,1689867496
293,purranque,-40.9167,-73.1667,54.73,95,100,8.14,CL,1689867312
294,constantia,44.1833,28.65,92.08,59,39,13.76,RO,1689867428
295,kidal,18.4411,1.4078,105.21,17,39,14.9,ML,1689867264
296,page,36.9147,-111.4558,88.11,26,0,5.99,US,1689867497
297,kavieng,-2.5744,150.7967,81.01,80,73,8.43,PG,1689867497
298,airdrie,55.866,-3.9803,61.36,75,91,9.75,GB,1689867497
299,mcdonough,40.4667,-90.6668,86.0,74,0,6.91,US,1689867237
300,san miguel,13.4833,-88.1833,89.08,57,0,4.61,SV,1689867498
301,pacific grove,36.6177,-121.9166,55.08,96,100,10.0,US,1689867414
302,arraial do cabo,-22.9661,-42.0278,73.26,60,75,12.66,BR,1689867498
303,luanda,-8.8368,13.2343,75.2,78,20,11.5,AO,1689867246
304,vorzel',50.5444,30.153,61.93,95,93,5.12,UA,1689867498
305,camiri,-20.05,-63.5167,67.78,56,0,0.0,BO,1689867498
306,ves'yegonsk,58.664,37.2604,63.23,71,98,10.36,RU,1689867498
307,san patricio,28.017,-97.5169,91.49,44,70,11.68,US,1689867498
308,palikir - national government center,6.9248,158.1611,77.74,94,100,0.0,FM,1689867499
309,traverse city,44.7631,-85.6206,67.84,94,100,9.22,US,1689867499
310,yingkou,40.6648,122.2283,77.02,68,56,6.33,CN,1689867499
311,mahina,-17.5065,-149.489,74.97,60,75,17.27,PF,1689867431
312,mandalgovi,45.7625,106.2708,58.5,75,99,9.82,MN,1689867499
313,nacozari viejo,30.4,-109.65,82.76,45,15,2.06,MX,1689867499
314,pathein,16.7833,94.7333,76.24,96,99,5.26,MM,1689867500
315,constitucion,-35.3333,-72.4167,58.14,78,100,13.58,CL,1689867500
316,upington,-28.4478,21.2561,64.78,19,0,3.44,ZA,1689867500
317,labytnangi,66.6572,66.4183,69.94,75,91,10.11,RU,1689867500
318,ulladulla,-35.35,150.4667,51.71,51,54,8.12,AU,1689867500
319,oodweyne,9.4092,45.064,84.47,36,100,23.09,SO,1689867500
320,vorgashor,67.5833,63.95,71.56,70,93,6.6,RU,1689867501
321,banda aceh,5.5577,95.3222,80.76,79,54,14.83,ID,1689867377
322,luderitz,-26.6481,15.1594,61.9,52,0,16.8,NA,1689867501
323,arteche,12.2645,125.4048,78.24,88,93,2.64,PH,1689867501
324,kani keli,-12.9536,45.1033,78.06,76,85,12.12,YT,1689867501
325,chulakkurgan,43.765,69.1814,84.52,21,0,11.21,KZ,1689867501
326,kota kinabalu,5.9749,116.0724,78.78,94,20,8.05,MY,1689867502
327,zhezqazghan,47.7833,67.7667,86.29,23,38,7.76,KZ,1689867435
328,toliara,-23.35,43.6667,71.26,75,41,15.59,MG,1689867502
329,talara,-4.5772,-81.2719,79.56,69,0,18.41,PE,1689867502
330,chibougamau,49.9168,-74.3659,64.02,63,75,5.64,CA,1689867502
331,kudahuvadhoo,2.6708,72.8944,83.08,74,36,9.66,MV,1689867502
332,fiambala,-27.6871,-67.6149,78.22,9,2,3.62,AR,1689867502
333,mokhsogollokh,61.4681,128.9203,52.99,99,100,4.79,RU,1689867503
334,langtoucun,40.0261,124.3286,72.34,83,23,1.59,CN,1689867503
335,magong,23.5654,119.5863,83.43,83,95,13.15,TW,1689867503
336,sanandaj,35.3144,46.9923,96.82,8,20,4.61,IR,1689867503
337,amga,60.8953,131.9608,55.98,99,100,6.02,RU,1689867503
338,turtas,58.9417,69.1325,65.35,89,96,3.18,RU,1689867504
339,rabaul,-4.1967,152.1721,78.28,84,69,8.75,PG,1689867504
340,laojunmiao,39.8333,97.7333,72.45,23,0,8.37,CN,1689867504
341,mugia,43.1041,-9.2179,73.9,77,2,8.9,ES,1689867344
342,nadi,-17.8,177.4167,73.4,94,75,4.61,FJ,1689867453
343,hobyo,5.3505,48.5268,78.24,75,55,28.7,SO,1689867505
344,enid,36.3956,-97.8784,88.02,83,20,13.8,US,1689867363
345,pudozh,61.8099,36.5345,56.89,98,100,10.58,RU,1689867510
346,antonio enes,-16.2325,39.9086,75.6,74,1,12.77,MZ,1689867510
347,grandview,38.8858,-94.533,84.45,74,20,11.5,US,1689867511
348,margate,51.3813,1.3862,67.3,72,66,5.01,GB,1689867511
349,hohhot,40.8106,111.6522,66.49,88,40,4.47,CN,1689867511
350,sitka,57.0531,-135.33,55.29,82,40,0.0,US,1689867260
351,obo,5.3998,26.4869,82.11,60,78,2.68,CF,1689867511
352,conde,-7.2597,-34.9075,81.86,65,75,17.27,BR,1689867511
353,siverek,37.755,39.3167,97.7,10,0,8.41,TR,1689867511
354,ust-tsilma,65.441,52.1498,66.69,90,100,7.92,RU,1689867512
355,azuaga,38.2667,-5.6833,93.96,13,0,17.0,ES,1689867507
356,mudurnu,40.473,31.2076,79.54,45,0,6.17,TR,1689867512
357,vytegra,61.0064,36.4481,57.85,95,100,7.96,RU,1689867512
358,al harithah,30.7186,47.7208,109.02,4,0,11.5,IQ,1689867512
359,pisco,-13.7,-76.2167,68.05,73,100,3.44,PE,1689867512
360,hami,42.8,93.45,93.61,11,61,4.99,CN,1689867512
361,badarwas,24.9667,77.5667,87.75,64,83,5.64,IN,1689867513
362,olinda,-8.0089,-34.8553,82.13,69,40,17.27,BR,1689867513
363,pahlgam,34.0333,75.3333,65.05,87,92,1.07,IN,1689867513
364,alofi,-19.0595,-169.9187,73.29,73,96,9.22,NU,1689867513
365,ciudad lazaro cardenas,17.9583,-102.2,83.88,74,99,4.0,MX,1689867513
366,markala,13.7021,-6.0659,98.42,34,89,11.63,ML,1689867513
367,palafrugell,41.9174,3.1631,86.76,40,0,8.99,ES,1689867513
368,ocos,14.5094,-92.1933,87.98,74,10,4.12,GT,1689867513
369,rikaze,29.25,88.8833,64.0,48,49,1.41,CN,1689867514
370,acaponeta,22.4964,-105.3594,90.86,59,20,2.19,MX,1689867514
371,dalandzadgad,43.5708,104.425,60.1,74,100,10.16,MN,1689867514
372,kingscliff,-28.2667,153.5667,49.8,87,0,4.61,AU,1689867514
373,beitbridge,-22.2167,30.0,62.56,66,91,21.43,ZW,1689867514
374,port blair,11.6667,92.75,82.44,89,75,12.66,IN,1689867514
375,bamboo flat,11.7,92.7167,82.49,89,75,12.66,IN,1689867514
376,ancud,-41.8697,-73.8203,52.84,90,89,20.74,CL,1689867514
377,durres,41.3231,19.4414,95.18,51,1,2.8,AL,1689867515
378,ushtobe,45.2514,77.9838,81.73,26,1,5.03,KZ,1689867515
379,port alfred,-33.5906,26.891,53.19,64,63,1.01,ZA,1689867375
380,east london,-33.0153,27.9116,54.54,66,75,4.61,ZA,1689867368
381,road town,18.4167,-64.6167,87.89,66,20,8.05,VG,1689867515
382,north bend,43.4065,-124.2243,63.27,94,100,0.0,US,1689867515
383,kununurra,-15.7667,128.7333,60.78,77,41,0.0,AU,1689867515
384,san antonio,29.4241,-98.4936,89.38,70,40,10.36,US,1689867336
385,acapulco de juarez,16.8634,-99.8901,85.82,70,75,2.3,MX,1689867446
386,santa terezinha,-29.9002,-50.0904,62.22,81,100,15.21,BR,1689867516
387,celestun,20.8667,-90.4,86.74,64,88,3.98,MX,1689867516
388,shenkursk,62.1091,42.896,65.55,94,100,5.86,RU,1689867516
389,sur,22.5667,59.5289,91.11,59,98,3.53,OM,1689867359
390,kavaratti,10.5669,72.642,82.69,82,100,18.41,IN,1689867516
391,taroa,8.7058,171.2275,83.34,81,100,17.6,MH,1689867516
392,jining,35.405,116.5814,76.12,92,56,8.48,CN,1689867516
393,severnoye,56.3491,78.3619,62.46,97,77,5.48,RU,1689867516
394,argo,37.6333,22.7333,94.78,27,0,4.56,GR,1689867516
395,broome,42.2506,-75.833,82.35,52,0,3.44,US,1689867517
396,lulea,65.5842,22.1547,60.87,77,100,5.75,SE,1689867517
397,cankaya,39.9179,32.8627,90.66,22,0,6.91,TR,1689867517
398,prado,-17.3411,-39.2208,74.37,80,87,6.73,BR,1689867517
399,seminole,28.7086,-81.2081,94.28,69,0,5.75,US,1689867517
400,christchurch,-43.5333,172.6333,42.91,72,100,4.61,NZ,1689867445
401,sao tome,0.3365,6.7273,82.44,78,75,16.11,ST,1689867517
402,ayr,55.4627,-4.6339,64.31,72,40,11.5,GB,1689867517
403,sorong,-0.8833,131.25,78.89,85,37,10.49,ID,1689867517
404,birjand,32.8663,59.2211,90.07,12,0,13.8,IR,1689867517
405,lucapa,-8.4192,20.7447,87.31,18,39,1.68,AO,1689867518
406,dhone,15.4167,77.8833,77.23,76,100,21.65,IN,1689867518
407,bathsheba,13.2167,-59.5167,86.61,79,75,19.57,BB,1689867518
408,cam ranh,11.9214,109.1591,84.16,79,20,3.44,VN,1689867518
409,mont-dore,-22.2833,166.5833,70.0,99,33,6.46,NC,1689867518
410,new norfolk,-42.7826,147.0587,44.71,97,65,2.98,AU,1689867518
411,dompu,-8.5356,118.4622,70.54,94,26,1.99,ID,1689867518
412,taoudenni,22.6783,-3.9836,117.23,5,0,11.03,ML,1689867523
413,north platte,41.1239,-100.7654,72.12,64,0,10.36,US,1689867231
414,humahuaca,-23.2054,-65.3505,65.91,11,100,4.25,AR,1689867524
415,ambon,-3.6954,128.1814,79.88,95,50,12.17,ID,1689867524
416,meadow lake,34.8014,-106.5436,89.78,31,14,5.06,US,1689867524
417,darwin,-12.4611,130.8418,73.38,83,10,5.75,AU,1689867524
418,cogealac,44.55,28.5667,91.44,43,42,11.5,RO,1689867524
419,happy valley-goose bay,53.3168,-60.3315,71.91,49,75,8.05,CA,1689867458
420,salida,37.7058,-121.0849,82.35,60,0,6.91,US,1689867529
421,mount gambier,-37.8333,140.7667,42.94,83,26,5.35,AU,1689867529
422,howrah,22.5892,88.3103,86.0,79,40,10.36,IN,1689867530
423,isabela,6.7085,121.9711,78.85,85,72,3.65,PH,1689867530
424,ola,59.5833,151.2833,55.29,89,52,1.86,RU,1689867530
425,los barrios,36.1848,-5.4921,87.64,29,0,23.02,ES,1689867530
426,holualoa,19.6228,-155.9522,75.04,92,75,8.05,US,1689867530
427,el nido,11.1858,119.3956,81.34,79,100,4.85,PH,1689867530
428,puerto deseado,-47.7503,-65.8938,48.45,70,100,15.79,AR,1689867530
429,sumbawa besar,-8.5,117.4333,67.51,92,2,5.66,ID,1689867530
430,vadstena,58.4486,14.8897,69.33,48,86,14.5,SE,1689867531
431,onega,63.9061,38.1404,57.24,97,92,11.21,RU,1689867531
432,moires,35.0532,24.8744,89.76,54,0,5.01,GR,1689867531
433,la ronge,55.1001,-105.2842,66.42,77,75,5.75,CA,1689867531
434,boende,-0.2167,20.8667,88.75,42,97,0.49,CD,1689867531
435,salinopolis,-0.6136,-47.3561,84.52,68,0,10.02,BR,1689867531
436,fisterra,42.9049,-9.2629,73.74,82,0,12.01,ES,1689867531
437,primero de mayo,-32.2552,-58.4228,58.55,69,100,8.46,AR,1689867531
438,kostanay,53.1667,63.5833,73.69,68,40,6.71,KZ,1689867531
439,melekeok village,7.4957,134.6367,81.16,89,75,11.5,PW,1689867532
440,boguchany,58.3814,97.4531,64.45,54,3,3.44,RU,1689867532
441,dongola,19.1667,30.4833,109.56,7,57,5.95,SD,1689867532
442,rio gallegos,-51.6226,-69.2181,35.65,75,0,1.14,AR,1689867284
443,leava,-14.3,-178.1667,81.27,81,86,12.3,WF,1689867254
444,shalqar,47.8333,59.6,80.64,37,55,12.5,KZ,1689867532
445,nagykata,47.4151,19.7441,87.67,38,5,14.03,HU,1689867532
446,lijiang,26.8688,100.2207,59.85,97,99,2.17,CN,1689867532
447,opuwo,-18.0607,13.84,76.53,9,0,2.77,NA,1689867469
448,yoichi,43.2039,140.7703,66.85,89,9,4.32,JP,1689867533
449,scottsboro,34.6723,-86.0341,89.78,84,57,9.66,US,1689867533
450,okhotsk,59.3833,143.3,53.89,93,56,4.14,RU,1689867533
451,broken hill,-31.95,141.4333,50.31,67,98,15.28,AU,1689867255
452,bamyan,34.75,67.25,58.73,52,6,14.92,AF,1689867533
453,poso,-1.3959,120.7524,76.75,89,61,4.61,ID,1689867533
454,mitu,1.1983,-70.1733,80.89,84,16,0.4,CO,1689867533
455,gorontalo,0.5412,123.0595,75.06,94,24,2.95,ID,1689867533
456,geraldton,-28.7667,114.6,43.21,93,0,6.91,AU,1689867440
457,chui,-33.6971,-53.4616,60.33,75,100,12.03,UY,1689867534
458,san juan de miraflores,-12.1629,-76.9635,70.32,71,63,8.3,PE,1689867534
459,tazacorte,28.629,-17.9293,77.97,65,75,16.11,ES,1689867534
460,siniscola,40.5719,9.6922,99.95,40,8,5.5,IT,1689867534
461,dunedin,-45.8742,170.5036,45.81,51,50,8.99,NZ,1689867419
462,ryotsu-minato,38.0833,138.4333,70.86,87,11,3.51,JP,1689867534
463,port augusta,-32.5,137.7667,46.71,70,4,6.98,AU,1689867534
464,kone,-21.0595,164.8658,59.52,83,66,3.74,NC,1689867534
465,mezohegyes,46.3167,20.8167,90.07,32,7,11.54,HU,1689867535
466,salalah,17.0151,54.0924,78.89,94,100,8.05,OM,1689867535
467,qarah bagh,34.9402,61.7759,84.45,23,0,21.16,AF,1689867535
468,palangkaraya,-2.2,113.8333,74.37,98,99,3.27,ID,1689867535
469,antsiranana,-12.2787,49.2917,79.56,69,20,6.91,MG,1689867535
470,dolinsk,47.35,142.8,60.42,92,54,4.83,RU,1689867535
471,soio,-6.1349,12.3689,73.72,71,6,8.93,AO,1689867535
472,pingliang,35.5392,106.6861,72.57,43,96,7.16,CN,1689867535
473,salekhard,66.53,66.6019,67.46,85,98,10.87,RU,1689867535
474,grand falls-windsor,48.9332,-55.6649,71.13,86,100,7.54,CA,1689867264
475,gadzhiyevo,69.2551,33.3362,50.36,88,100,20.87,RU,1689867536
476,ebon,4.582,168.6964,82.06,80,100,14.97,MH,1689867408
477,naxos,37.1056,25.3764,93.38,47,0,11.01,GR,1689867536
478,port pirie,-33.1833,138.0167,47.16,83,8,4.43,AU,1689867536
479,mata-utu,-13.2816,-176.1745,80.91,82,70,10.16,WF,1689867536
480,peace river,56.2501,-117.286,64.71,77,75,3.44,CA,1689867536
481,nikki,9.9401,3.2108,83.16,68,47,5.99,BJ,1689867536
482,midvagur,62.0511,-7.1939,49.03,93,100,12.66,FO,1689867394
483,ramganj mandi,24.65,75.9333,90.64,56,100,4.52,IN,1689867536
484,myeik,12.4333,98.6,75.94,90,100,4.81,MM,1689867537
485,miyaly,48.8844,53.7836,79.18,31,46,10.87,KZ,1689867537
486,cole harbour,44.6724,-63.4751,76.39,94,75,8.05,CA,1689867537
487,benghazi,32.1167,20.0667,85.33,67,0,12.17,LY,1689867537
488,santa ana,33.7456,-117.8678,89.26,72,20,4.61,US,1689867491
489,kailua-kona,19.6406,-155.9956,78.76,92,75,8.05,US,1689867407
490,ivdel',60.6911,60.4206,65.1,91,67,3.42,RU,1689867537
491,goure,13.9835,10.2704,99.25,26,76,11.54,NE,1689867537
492,effium,6.6292,8.0593,81.05,84,95,8.01,NG,1689867537
493,teluk nibung,3.001,99.8164,76.26,93,100,6.49,ID,1689867537
494,mount pearl,47.5166,-52.7813,83.44,76,75,18.41,CA,1689867538
495,calama,-22.4667,-68.9333,73.89,6,0,14.97,CL,1689867538
496,cedartown,34.0537,-85.255,91.63,78,55,9.24,US,1689867538
497,cabedelo,-6.9811,-34.8339,83.07,68,54,20.54,BR,1689867538
498,puerto francisco de orellana,-0.4667,-76.9667,75.25,94,75,3.44,EC,1689867538
499,sidrolandia,-20.9319,-54.9614,83.71,38,0,11.74,BR,1689867538
500,sisimiut,66.9395,-53.6735,54.18,79,95,0.38,GL,1689867538
501,alappuzha,9.49,76.3264,79.3,88,88,11.81,IN,1689867251
502,plastun,44.7561,136.2939,62.85,85,48,3.38,RU,1689867539
503,chegdomyn,51.1167,133.0167,67.62,84,97,2.62,RU,1689867539
504,eufaula,31.8913,-85.1455,90.14,64,0,5.75,US,1689867421
505,saynshand,44.8824,110.1163,70.18,60,100,21.97,MN,1689867539
506,san pedro pochutla,15.7333,-96.4667,92.71,50,4,4.05,MX,1689867539
507,nguti,5.3299,9.4185,77.83,90,97,3.42,CM,1689867539
508,freire,-38.95,-72.6333,55.2,88,100,9.22,CL,1689867539
509,korla,41.7597,86.1469,91.92,19,14,11.16,CN,1689867539
510,pimentel,-6.8367,-79.9342,75.49,73,40,10.36,PE,1689867539
511,kenai,60.5544,-151.2583,55.15,98,100,3.44,US,1689867540
512,kargil,34.5667,76.1,64.74,56,97,3.6,IN,1689867540
513,egersund,58.4513,5.9997,58.37,88,97,13.09,NO,1689867540
514,klaksvik,62.2266,-6.589,49.12,93,100,19.75,FO,1689867540
515,kirakira,-10.4544,161.9205,79.16,88,100,4.25,SB,1689867367
516,bandundu,-3.3167,17.3667,95.81,24,6,1.79,CD,1689867540
517,miyako,39.6367,141.9525,66.07,94,88,1.43,JP,1689867540
518,tomatlan,19.9333,-105.25,89.96,57,97,0.45,MX,1689867540
519,huayacocotla,20.55,-98.4833,68.11,51,13,5.59,MX,1689867541
520,pionerskiy,54.9508,20.2275,68.76,55,39,15.26,RU,1689867541
521,ati,13.2154,18.3353,90.45,38,93,9.15,TD,1689867541
522,khasab,26.1799,56.2477,95.32,64,100,2.37,OM,1689867541
523,barwadih,23.8333,84.1167,83.32,72,29,6.71,IN,1689867541
524,paracale,14.2804,122.7881,78.94,91,100,5.82,PH,1689867542
525,yaren,-0.5472,166.916,81.16,80,98,12.57,NR,1689867542
526,zakynthos,37.7914,20.8953,97.92,44,0,2.3,GR,1689867542
527,jianshui,23.6363,102.8264,67.1,95,73,1.68,CN,1689867542
528,lensk,60.7253,114.9278,59.7,93,63,5.61,RU,1689867542
529,hadibu,12.65,54.0333,77.43,79,100,17.11,YE,1689867542
530,batouri,4.4333,14.3667,79.79,75,64,2.15,CM,1689867542
531,termas de rio hondo,-27.4998,-64.8604,61.5,49,6,5.17,AR,1689867543
532,bekalta,35.6174,10.9947,96.82,48,0,11.1,TN,1689867543
533,codrington,-38.2667,141.9667,45.37,78,43,10.18,AU,1689867543
534,karatau,43.1667,70.4667,83.53,23,0,8.43,KZ,1689867543
535,port macquarie,-31.4333,152.9167,39.88,51,0,6.26,AU,1689867543
536,gaspe,48.8334,-64.4819,70.02,73,40,11.5,CA,1689867459
537,balykshi,47.0667,51.8667,84.2,58,40,17.9,KZ,1689867543
538,i-n-salah,27.1935,2.4607,111.99,6,0,21.47,DZ,1689867544
539,fale old settlement,-9.3852,-171.2468,82.94,77,27,12.8,TK,1689867544
540,nabire,-3.3667,135.4833,76.28,91,100,2.59,ID,1689867544
541,pont rouge,48.8833,-72.0825,66.49,56,91,3.15,CA,1689867544
